orig.name,new.name
Abstract-66.md,0tBYQ0FXIs.md
Abstract-59.md,0UNgW8Cvmk.md
Abstract-3.md,0vhRAFOc8I.md
Abstract-75.md,1nRJNhMznO.md
Abstract-65.md,1tVkzquRbb.md
Abstract-24.md,25XbsJMg76.md
Abstract-5.md,39kmbJ8a4V.md
Abstract-13.md,3HBjT25qvv.md
Abstract-101.md,3ZDhSIWjO5.md
Abstract-87.md,4kUAdDyDra.md
Abstract-91.md,5A2mV45fK1.md
Abstract-57.md,5eJJNTaYcj.md
Abstract-34.md,5u3anE3eA5.md
Abstract-2.md,5xeGgRB8cO.md
Abstract-72.md,6QlLhGCYUe.md
Abstract-63.md,73UNWvwB5N.md
Abstract-82.md,7ieVP9qMrD.md
Abstract-26.md,7miWcUgOky.md
Abstract-30.md,7ZDJleq5ka.md
Abstract-25.md,866mQgDSRJ.md
Abstract-89.md,8l8dAvneH7.md
Abstract-98.md,8ovQSJFNcg.md
Abstract-79.md,93i9jMcgxK.md
Abstract-27.md,93rh96cMwb.md
Abstract-99.md,9KFqdX4co4.md
Abstract-55.md,9mT6KdzMMT.md
Abstract-80.md,ABhX4eX5lZ.md
Abstract-7.md,AYa8ARtM3R.md
Abstract-67.md,BiLzhAJt1p.md
Abstract-35.md,bOpCn5L5jK.md
Abstract-42.md,BozaSRsAtp.md
Abstract-4.md,BPK4GAJHIC.md
Abstract-10.md,c89EHXrKki.md
Abstract-17.md,CUjO0FL2X5.md
Abstract-81.md,dayShxfP9N.md
Abstract-9.md,deBOZ9dR7c.md
Abstract-77.md,diX2sC59zl.md
Abstract-6.md,Dm7dyOwKsk.md
Abstract-44.md,dp1yCsI5DX.md
Abstract-32.md,DS8MOwuvUe.md
Abstract-88.md,dystEiKMbN.md
Abstract-52.md,EhWCyowxJx.md
Abstract-20.md,fAotpf2gkN.md
Abstract-70.md,FB02nDUNIw.md
Abstract-85.md,G1aeciSkyt.md
Abstract-71.md,GolOW4Z0cH.md
Abstract-94.md,GpId6DV0V2.md
Abstract-62.md,gUL82ILCCS.md
Abstract-1.md,hPShi0v8dt.md
Abstract-29.md,HtFBIehh4V.md
Abstract-60.md,IXM0GwQOAv.md
Abstract-51.md,iZh0rDEq8T.md
Abstract-8.md,IzTf3HjYNA.md
Abstract-83.md,k1ECYZVgXp.md
Abstract-84.md,kJpogCyMfL.md
Abstract-90.md,lgyZzodqjq.md
Abstract-41.md,LkmtlOav4v.md
Abstract-49.md,MKP2iZbwHT.md
Abstract-43.md,Mu9MerXlei.md
Abstract-47.md,nAtUJQPoFM.md
Abstract-76.md,oCGNBvP8h3.md
Abstract-16.md,OfiDdf1s6w.md
Abstract-11.md,OKVsfuDOMz.md
Abstract-68.md,P6xLQ3rMTE.md
Abstract-61.md,pDA6hee6YO.md
Abstract-31.md,PDS0DmaC4C.md
Abstract-40.md,pHoa0p6pFF.md
Abstract-54.md,pjlvM8ooDt.md
Abstract-15.md,Q8NuOFOHq0.md
Abstract-37.md,QSry3RdXD7.md
Abstract-12.md,Qyj5F3piTb.md
Abstract-38.md,r8hoCr5o7m.md
Abstract-100.md,RrClaDWnPR.md
Abstract-39.md,RuIzewsLLr.md
Abstract-78.md,sIl9iY6WTr.md
Abstract-92.md,SpoznEnoEq.md
Abstract-97.md,syZ7n1yCHo.md
Abstract-53.md,SZuI9jSfOC.md
Abstract-36.md,tBeOUB2Vf5.md
Abstract-93.md,tPc07LvvCW.md
Abstract-46.md,ulPZyItCcF.md
Abstract-95.md,uUJlhdMOej.md
Abstract-56.md,V179reOyTk.md
Abstract-86.md,vcQcT3c0da.md
Abstract-73.md,vLCFYHoEjq.md
Abstract-58.md,VOpzAENh6t.md
Abstract-45.md,vUBspgJlEk.md
Abstract-18.md,vyTeaUfLQw.md
Abstract-48.md,wJvJRGZs4l.md
Abstract-69.md,WMphln7raA.md
Abstract-19.md,wutfv2nDrK.md
Abstract-23.md,X3zVHWxGP4.md
Abstract-22.md,XdP8bP8Ftl.md
Abstract-50.md,XE4RFj9tmW.md
Abstract-96.md,XNY3gxZqEg.md
Abstract-102.md,xVnyxyPsog.md
Abstract-28.md,XXXy5Alkdz.md
Abstract-14.md,xYDXq2onr8.md
Abstract-64.md,YbaRAZ81BG.md
Abstract-21.md,Z3SSpWUzi3.md
Abstract-74.md,zHFkLTLtf8.md
Abstract-33.md,zpJ96Q8qWP.md
